title,price,rating,reviews,availability
Nike PRO Hyperwarm Hydropull Hood Balaclava - Unisex - Dri-Fit Techlonogy (Black),,4.7 out of 5 stars,"1,216 ratings",In Stock
Lanzom Women Wide Brim Straw Panama Roll up Hat Fedora Beach Sun Hat UPF50+,,4.5 out of 5 stars,"32,747 ratings",In Stock
"Ray-Ban RB4184 Square Sunglasses, Black/Green, 54 mm",,4.4 out of 5 stars,550 ratings,In Stock
WearMe Pro - Reflective Lens Round Trendy Sunglasses,,4.5 out of 5 stars,"18,126 ratings",In Stock
CHBP Sunglasses Womens Men Polarized UV Protection Trendy Vintage Retro Round Mirrored Lens Sunglasses For Women,,4.4 out of 5 stars,"1,493 ratings",In Stock
Tskestvy 4 Pieces Retro Sunglasses Vintage Sunglasses Small Square Rectangle 90s Glasses Trendy Y2K for Women Aesthetic,,4.6 out of 5 stars,"2,934 ratings",In Stock
KALIYADI Polarized Sunglasses for Men and Women Semi-Rimless Frame Driving Sun glasses UV Blocking,,4.5 out of 5 stars,"36,729 ratings",In Stock
YANIBEST Satin Bonnet Silk Bonnet Hair Bonnet for Sleeping Satin Cap Extra Large Reversible for Women Curly Natural Hair Blush Pink,,4.5 out of 5 stars,"3,303 ratings",In Stock
KALIYADI Polarized Sunglasses for Men and Women Matte Finish Sun glasses Color Mirror Lens UV Blocking (3 Pack),,4.6 out of 5 stars,"27,992 ratings",In Stock
Womens Mens Wide Brim Straw Panama Hat Fedora Summer Beach Sun Hat UPF Straw Hat for Women,,4.7 out of 5 stars,"10,780 ratings",Not Available
FEISEDY Vintage Square Cat Eye Sunglasses Women Trendy Cateye Sunglasses B2473,,4.6 out of 5 stars,"20,074 ratings",In Stock
Armear Women Fashion Oversized Heart Shaped Retro Sunglasses Cute Eyewear UV400,,4.4 out of 5 stars,"1,538 ratings",In Stock
"Achiou Balaclava Face Mask, Ski Mask for Men Women, Full Face Mask Hood Tactical Snow Motorcycle Running Cold Weather",,4.4 out of 5 stars,"24,721 ratings",In Stock
Prada PRADA SYMBOLE PR 08YS Black/Dark Grey 51/18/145 women Sunglasses,,4.5 out of 5 stars,20 ratings,In Stock
"Versace VE 1175B Eyeglasses w/Gold Frame and Non- 53 mm Diameter Lenses,",,4.6 out of 5 stars,"2,268 ratings",In Stock
adidas Women's Superlite Performance Visor,,4.8 out of 5 stars,"7,658 ratings",In Stock
MEETSUN Polarized Sunglasses for Women Men Classic Retro Designer Style,,4.5 out of 5 stars,"22,750 ratings",In Stock
KBETHOS Original Classic Low Profile Cotton Hat Men Women Baseball Cap Dad Hat Adjustable Unconstructed Plain Cap,,4.4 out of 5 stars,"24,502 ratings",In stock
Gucci Pilot Urban Web Block Aviator Sunglasses,,4.7 out of 5 stars,620 ratings,In Stock
Versace VE 1163M 1252 Pale Gold Metal Rectangle Eyeglasses 52mm,,4.5 out of 5 stars,"1,753 ratings",In Stock
Metal Hair Band for Men Headband Women Hair Bands Men Unisex Black Wavy Spring Outdoor Sports Headbands for Men's Hair Band Hoop Clips Women Accessories Simple Elastic Non Slip Head Band Headwear,,4.3 out of 5 stars,"5,016 ratings",In Stock
"Dreamlover Wig Grip, Wig Grip Bands for Keeping Wigs in Place, Wig Grip Headband, Tan, 2 Pieces",,4.3 out of 5 stars,"15,910 ratings",In Stock
WearMe Pro Round Sunglasses | Polarized UV Protection | Pink Mirror Sunglasses for Women | Retro Designer Style,,4.5 out of 5 stars,"1,881 ratings",In Stock
Columbia Unisex Bora Bora Booney Fishing Hat,,4.6 out of 5 stars,"19,154 ratings",In Stock
KALIYADI Classic Aviator Sunglasses for Men Women Driving Sun glasses Polarized Lens UV Blocking,,4.4 out of 5 stars,"8,022 ratings",In Stock
Gucci Women's Lightness Square Sunglasses,,4.6 out of 5 stars,678 ratings,In Stock
Ray-Ban RB3548n Hexagonal Flat Lens Sunglasses,,4.5 out of 5 stars,"5,600 ratings",In Stock
3 Pcs 27.5 Inches Satin Head Scarf Hair Scarf Silk Head Scarf Silk Bandana Silk Hair Wrap Neck Scarf for Women Girls,,4.5 out of 5 stars,"2,211 ratings",In Stock
"Magnetic Hat Clip for Travel, Stylish Hands-Free Bag, Purse, Luggage, and Backpack Clip-On Holder for Sun and Wide Brim Hats (Black)",,4.7 out of 5 stars,115 ratings,In Stock
BUTABY Rectangle Sunglasses for Women Retro Driving Glasses 90’s Vintage Fashion Narrow Square Frame UV400 Protection,,4.5 out of 5 stars,"21,228 ratings",In Stock
Ray-Ban RB3016 Clubmaster Square Sunglasses,,4.6 out of 5 stars,"11,189 ratings",In Stock
GearTOP UPF 50+ Wide Brim Sun Hat for Men and Women - Mens Bucket Hats with UV Protection for Hiking - Beach Hats for Women,,4.5 out of 5 stars,"24,074 ratings",In Stock
3 Pieces Horsehair Shoes Polish Brushes Kit Leather Shoes Boots Care Clean Polish Daubers Applicators,,4.6 out of 5 stars,"6,395 ratings",In Stock
Joopin Polarized Sunglasses Womens Trendy Oversized Large Driving Sun Glasses Ladies UV Protective Big Sunnies Shades,,4.5 out of 5 stars,"16,402 ratings",In Stock
"Boxiki Travel Set of 12 RFID Blocking Sleeves Best way to Protect your Cards from Electronic Theft. Durable, Lightweight and Compact Design to fit in any Pocket or Purse. (Navy Blue)",,4.7 out of 5 stars,"9,056 ratings",In Stock
Gucci GG0184O ? Gray 005,,4.6 out of 5 stars,569 ratings,In Stock
AWAYTR 35” Satin Large Square Head Scarves - 4PCS Silk Like Neck Scarf Hair Sleeping Wraps Lightweight Satin Silk Scarfs,,4.5 out of 5 stars,"7,105 ratings",In Stock
Burberry BE4160 Sunglasses,,4.0 out of 5 stars,20 ratings,Not Available
JASGOOD Women No Show Stretch Belt Invisible Elastic Web Strap Belt with Flat Buckle for Jeans Pants Dresses,,4.5 out of 5 stars,"10,900 ratings",Not Available
Micheal Kors MK2024 Sunglasses,,4.7 out of 5 stars,"5,858 ratings",In Stock
Versace Womens Sunglasses Metal,,4.5 out of 5 stars,644 ratings,In Stock
Ray-Ban RB2132 New Wayfarer Polarized Sunglasses,,4.6 out of 5 stars,"7,817 ratings",In Stock
Ray-Ban RB4165 Justin Square Sunglasses,,4.6 out of 5 stars,"4,056 ratings",In Stock
"Rimless Y2K Sunglasses for Women Men,Trendy Shield Wrap Around Sunglasses Oversized Fashion Frameless Sun Glasses",,4.5 out of 5 stars,978 ratings,In Stock
Woodies Walnut Wood Sunglasses with Dark Polarized Lenses for Men and Women | 100% UVA/UVB Ray Protection,,4.5 out of 5 stars,"8,928 ratings",In Stock
LOTUS78 12 Pack Headbands for Women Yoga Elastic Hair Bands Workout Running Sport Non Slip Sweat Hair Wrap for Girls(Feel Icon),,4.3 out of 5 stars,"2,161 ratings",In Stock
"Gucci GG 0278O 011 Black Plastic Rectangle Eyeglasses 55mm, 55-15-145",,4.7 out of 5 stars,489 ratings,In Stock
Womens Sun Straw Hat Wide Brim UPF 50 Summer Hat Foldable Roll up Floppy Beach Hats for Women,,4.6 out of 5 stars,"13,676 ratings",Not Available
